Heure,Film,Cinéma,Langue
10:15,Spider-Man: Brand New Day,Pathé Odysseum,VF
10:30,"Ni vue, ni connue",Pathé Odysseum,VF
10:30,Heart Of The Beast,Pathé Odysseum,VF
10:30,"Sam le pompier - nouvelle caserne, grandes aventures !",Pathé Odysseum,VF
10:30,Toy Story 5,Pathé Odysseum,VF
10:45,Kraken,Pathé Odysseum,VF
10:45,Cars,Pathé Odysseum,VF
10:45,Ducobu et le fantôme de Saint-Potache,Pathé Odysseum,VF
10:45,Resident Evil,Pathé Odysseum,VOST
10:45,Digger,Pathé Odysseum,VOST
10:45,The Social Reckoning,Pathé Odysseum,VOST
10:45,The Social Reckoning,Pathé Odysseum,VF
10:45,La Maison de nos rêves,Pathé Odysseum,VF
10:45,Tad l'explorateur et la lampe magique,Pathé Odysseum,VF
11:00,Garance,Pathé Odysseum,VF
11:00,Ducobu et le fantôme de Saint-Potache,Pathé Odysseum,VF
11:00,Des Minions et des monstres,Pathé Odysseum,VF
11:00,Notre salut,Utopia,VF
11:00,Verity,Pathé Odysseum,VF
11:00,L'Espèce explosive,Utopia,VF
11:10,Fjord,Utopia,VF
11:10,Le Chant des oliviers,Utopia,VF
11:15,The Social Reckoning,Pathé Odysseum,VOST
11:15,Justin le Juste,Pathé Odysseum,VF
11:15,La Pat' Patrouille : Le film mission Dino,Pathé Odysseum,VF
11:20,Les Éléphants dans la brume,Utopia,VF
11:20,Les Roches Rouges,Utopia,VF
11:45,Verity,Pathé Odysseum,VOST
13:00,Ducobu et le fantôme de Saint-Potache,Pathé Odysseum,VF
13:00,Kraken,Pathé Odysseum,VF
13:10,Maison de poupée,Utopia,VF
13:15,Resident Evil,Pathé Odysseum,VF
13:15,Heart Of The Beast,Pathé Odysseum,VF
13:15,Digger,Pathé Odysseum,VF
13:15,Histoires De La Nuit,Utopia,VF
13:15,La Maison de nos rêves,Pathé Odysseum,VF
13:15,Spider-Man: Brand New Day,Pathé Odysseum,VF
13:30,Mémoire de fille,Pathé Comédie,VF
13:30,Digger,Pathé Comédie,VF
13:30,Tombé du ciel,Pathé Odysseum,VF
13:30,Cars,Pathé Odysseum,VF
13:30,La Bataille de Gaulle - partie 1 : L'Âge de Fer,Pathé Odysseum,VF
13:30,"Ni vue, ni connue",Pathé Comédie,VF
13:30,"Ni vue, ni connue",Pathé Odysseum,VF
13:30,Ducobu et le fantôme de Saint-Potache,Pathé Odysseum,VF
13:35,Verity,Pathé Comédie,VOST
13:45,Garance,Pathé Comédie,VF
13:45,La Bataille de Gaulle - Partie 2 : J’écris ton nom,Pathé Odysseum,VF
13:45,Avengers : Endgame Extended,Pathé Odysseum,VF
13:45,Garance,Pathé Odysseum,VF
13:45,The Social Reckoning,Pathé Comédie,VF
14:00,La Maison de nos rêves,Pathé Odysseum,VF
14:00,Verity,Pathé Odysseum,VF
14:00,Primetime,Pathé Comédie,VOST
14:00,Butterfly Jam,Utopia,VF
14:00,Fausse note,Pathé Comédie,VF
14:00,The Social Reckoning,Pathé Odysseum,VOST
14:15,The Social Reckoning,Pathé Odysseum,VF
14:15,Cars,Pathé Odysseum,VF
14:15,Justin le Juste,Pathé Odysseum,VF
14:15,Spider-Man: Brand New Day,Pathé Odysseum,VF
14:30,"Muyi, la légende du village des femmes",Cinéma Nestor Burma,VF
15:10,Kraken,Pathé Odysseum,VF
15:15,Fini de rire ! L'humour politique au garde-à-vous ?,Utopia,VF
15:15,Ducobu et le fantôme de Saint-Potache,Pathé Odysseum,VF
15:30,Heart Of The Beast,Pathé Odysseum,VF
15:30,Resident Evil,Pathé Odysseum,VF
15:30,L'Espèce explosive,Utopia,VF
16:00,"Ni vue, ni connue",Pathé Odysseum,VF
16:00,Fjord,Utopia,VF
16:00,Avengers : Endgame Extended,Pathé Odysseum,VF
16:10,Verity,Pathé Comédie,VOST
16:15,Garance,Pathé Odysseum,VF
16:15,"Ni vue, ni connue",Pathé Comédie,VF
16:15,Digger,Pathé Odysseum,VOST
16:15,La Maison de nos rêves,Pathé Odysseum,VF
16:20,Digger,Pathé Comédie,VOST
16:30,The Social Reckoning,Pathé Comédie,VOST
16:30,The Social Reckoning,Pathé Odysseum,VF
16:30,Heart Of The Beast,Pathé Comédie,VF
16:30,Garance,Pathé Comédie,VF
16:45,L'Odyssée,Pathé Odysseum,VF
16:45,Verity,Pathé Odysseum,VF
16:45,Fausse note,Pathé Comédie,VF
17:00,La Bataille de Gaulle - Partie 2 : J’écris ton nom,Pathé Odysseum,VF
17:10,La Vie d'une femme,Utopia,VF
17:15,Primetime,Pathé Comédie,VOST
17:15,Cars,Pathé Odysseum,VF
17:20,Ducobu et le fantôme de Saint-Potache,Pathé Odysseum,VF
17:20,Le Chant des oliviers,Utopia,VF
17:30,Kraken,Pathé Odysseum,VF
17:30,Heart Of The Beast,Pathé Odysseum,VF
17:45,Heart Of The Beast,Pathé Odysseum,VF
17:45,Resident Evil,Pathé Odysseum,VOST
18:00,Les Survivants du Che,Cinéma Nestor Burma,VOST
18:00,Verity,Pathé Odysseum,VOST
18:30,"Ni vue, ni connue",Pathé Odysseum,VF
18:30,La Maison de nos rêves,Pathé Odysseum,VF
18:40,Heart Of The Beast,Pathé Comédie,VOST
18:45,Butterfly Jam,Utopia,VF
18:45,Fausse note,Pathé Comédie,VF
19:00,"Ni vue, ni connue",Pathé Comédie,VF
19:00,Raison et sentiments,Pathé Comédie,VOST
19:00,The Social Reckoning,Pathé Comédie,VOST
19:00,Digger,Pathé Odysseum,VF
19:00,Digger,Pathé Comédie,VOST
19:00,Garance,Pathé Odysseum,VF
19:10,Mémoire de fille,Utopia,VF
19:15,The Social Reckoning,Pathé Odysseum,VF
19:15,Verity,Pathé Comédie,VOST
19:25,Ton animal maternel,Utopia,VF
19:30,La Maison de nos rêves,Pathé Odysseum,VF
19:30,Verity,Pathé Odysseum,VF
19:45,Primetime,Pathé Comédie,VOST
19:45,Kraken,Pathé Odysseum,VF
19:45,Tombé du ciel,Pathé Odysseum,VF
19:45,Cars,Pathé Odysseum,VF
20:00,Heart Of The Beast,Pathé Odysseum,VF
20:00,Ducobu et le fantôme de Saint-Potache,Pathé Odysseum,VF
20:15,Secrets et mensonges,Cinéma Nestor Burma,VOST
20:15,Resident Evil,Pathé Odysseum,VF
20:15,L'Odyssée,Pathé Odysseum,VF
20:30,Avengers : Endgame Extended,Pathé Odysseum,VF
20:45,Spider-Man: Brand New Day,Pathé Odysseum,VF
20:45,Notre salut,Utopia,VF
20:45,Garance,Pathé Comédie,VF
21:00,"Ni vue, ni connue",Pathé Odysseum,VF
21:00,Hunger Games,Pathé Comédie,VOST
21:00,Hunger Games,Pathé Odysseum,VF
21:25,Les Éléphants dans la brume,Utopia,VF
21:30,Primetime,Pathé Comédie,VOST
21:30,L'Espèce explosive,Utopia,VF
21:35,Garance,Pathé Odysseum,VF
21:45,Digger,Pathé Odysseum,VOST
21:45,The Social Reckoning,Pathé Odysseum,VOST
21:45,The Social Reckoning,Pathé Comédie,VOST
21:45,Digger,Pathé Comédie,VOST
22:00,"Ni vue, ni connue",Pathé Comédie,VF
22:00,Kraken,Pathé Odysseum,VF
22:00,Verity,Pathé Comédie,VF
22:00,Tombé du ciel,Pathé Odysseum,VF
22:00,Heart Of The Beast,Pathé Odysseum,VF
22:15,La Maison de nos rêves,Pathé Odysseum,VF
22:15,Verity,Pathé Odysseum,VF
22:15,Malfaisante,Pathé Comédie,VOST
22:15,Resident Evil,Pathé Odysseum,VF
22:15,Malfaisante,Pathé Odysseum,VF
22:30,Resident Evil,Pathé Odysseum,VF
